"","GEOID","B01003_001"
"1","17001000100",4509
"2","17001000201",1968
"3","17001000202",2473
"4","17001000400",3428
"5","17001000500",1985
"6","17001000600",4390
"7","17001000700",1136
"8","17001000800",2608
"9","17001000900",2612
"10","17001001001",3217
"11","17001001002",2851
"12","17001001100",8026
"13","17001010100",4507
"14","17001010200",3768
"15","17001010301",2846
"16","17001010302",3057
"17","17001010400",3435
"18","17001010500",3090
"19","17001010600",5677
"20","17003957600",1664
"21","17003957700",1717
"22","17003957800",1198
"23","17003957900",682
"24","17005951200",2873
"25","17005951300",6931
"26","17005951400",2886
"27","17005951500",4060
"28","17007010101",4487
"29","17007010102",4095
"30","17007010200",5664
"31","17007010300",6577
"32","17007010400",7019
"33","17007010501",4988
"34","17007010502",4998
"35","17007010601",3637
"36","17007010603",6540
"37","17007010604",5454
"38","17009970400",2280
"39","17009970500",4054
"40","17011964700",2803
"41","17011964800",2988
"42","17011964900",2758
"43","17011965000",3846
"44","17011965100",4101
"45","17011965200",3592
"46","17011965300",3256
"47","17011965400",3433
"48","17011965500",3588
"49","17011965600",2838
"50","17013951200",2216
"51","17013951300",2256
"52","17015960100",3463
"53","17015960200",2131
"54","17015960300",3092
"55","17015960400",1978
"56","17015960500",2492
"57","17015960600",2438
"58","17017960100",2101
"59","17017960200",2623
"60","17017960300",2632
"61","17017960400",2877
"62","17017960500",2722
"63","17019000200",2210
"64","17019000301",6003
"65","17019000302",2539
"66","17019000401",4554
"67","17019000402",3377
"68","17019000500",3682
"69","17019000700",3732
"70","17019000800",6735
"71","17019000901",4781
"72","17019000902",7473
"73","17019001000",4423
"74","17019001100",3741
"75","17019001201",7305
"76","17019001203",4252
"77","17019001204",3704
"78","17019001205",8362
"79","17019001206",1837
"80","17019001301",5831
"81","17019001302",4367
"82","17019001400",6873
"83","17019005300",4585
"84","17019005401",4165
"85","17019005402",3821
"86","17019005500",4682
"87","17019005601",5631
"88","17019005602",2294
"89","17019005701",5105
"90","17019005702",1641
"91","17019005800",4047
"92","17019005901",2463
"93","17019005902",2686
"94","17019006000",3029
"95","17019010100",4171
"96","17019010204",4663
"97","17019010300",3813
"98","17019010400",4360
"99","17019010500",4474
"100","17019010601",6274
"101","17019010603",7532
"102","17019010604",2672
"103","17019010701",3969
"104","17019010702",3981
"105","17019010800",4165
"106","17019010901",6370
"107","17019010902",3800
"108","17019011001",2070
"109","17019011002",2175
"110","17019011100",2106
"111","17021958100",2763
"112","17021958200",3238
"113","17021958300",3895
"114","17021958400",3933
"115","17021958500",2272
"116","17021958600",2245
"117","17021958700",5493
"118","17021958800",2420
"119","17021958900",2528
"120","17021959000",5106
"121","17023060100",4411
"122","17023060200",4210
"123","17023060300",5074
"124","17023060400",1772
"125","17025971900",2353
"126","17025972000",2862
"127","17025972100",4961
"128","17025972200",3072
"129","17027900100",6484
"130","17027900200",1826
"131","17027900300",7031
"132","17027900401",1137
"133","17027900403",3958
"134","17027900404",1190
"135","17027900500",5758
"136","17027900601",2767
"137","17027900602",6847
"138","17029000100",2567
"139","17029000200",5505
"140","17029000300",4454
"141","17029000400",2638
"142","17029000500",5649
"143","17029000600",2984
"144","17029000701",2429
"145","17029000702",3257
"146","17029000800",3591
"147","17029000900",3959
"148","17029001000",3297
"149","17029001100",3688
"150","17029001200",3058
"151","17031010100",4284
"152","17031010201",8210
"153","17031010202",2865
"154","17031010300",6237
"155","17031010400",4473
"156","17031010501",3913
"157","17031010502",3407
"158","17031010503",2417
"159","17031010600",6379
"160","17031010701",3590
"161","17031010702",5148
"162","17031020100",3927
"163","17031020200",7203
"164","17031020301",5432
"165","17031020302",5201
"166","17031020400",4256
"167","17031020500",6646
"168","17031020601",5868
"169","17031020602",5343
"170","17031020701",1728
"171","17031020702",8412
"172","17031020801",5990
"173","17031020802",8715
"174","17031020901",6179
"175","17031020902",4365
"176","17031030101",3517
"177","17031030102",3052
"178","17031030103",2297
"179","17031030104",3106
"180","17031030200",5554
"181","17031030300",3642
"182","17031030400",2822
"183","17031030500",6344
"184","17031030601",3771
"185","17031030603",2305
"186","17031030604",2921
"187","17031030701",1509
"188","17031030702",2266
"189","17031030703",3093
"190","17031030706",2588
"191","17031030800",4236
"192","17031030900",3076
"193","17031031000",3652
"194","17031031100",4898
"195","17031031200",5936
"196","17031031300",6853
"197","17031031400",4685
"198","17031031501",4640
"199","17031031502",4622
"200","17031031700",6119
"201","17031031800",2114
"202","17031031900",2417
"203","17031032100",7279
"204","17031040100",4011
"205","17031040201",6688
"206","17031040202",7965
"207","17031040300",3063
"208","17031040401",3431
"209","17031040402",4581
"210","17031040600",2785
"211","17031040700",3749
"212","17031040800",1577
"213","17031040900",2006
"214","17031050100",2513
"215","17031050200",5546
"216","17031050300",2829
"217","17031050500",5199
"218","17031050600",2232
"219","17031050700",1456
"220","17031050800",1398
"221","17031050900",1388
"222","17031051000",1707
"223","17031051100",1905
"224","17031051200",1576
"225","17031051300",3077
"226","17031051400",2535
"227","17031060100",3178
"228","17031060200",2147
"229","17031060300",2821
"230","17031060400",3691
"231","17031060500",1287
"232","17031060800",5319
"233","17031060900",6943
"234","17031061000",2324
"235","17031061100",1436
"236","17031061200",2052
"237","17031061500",2023
"238","17031061800",1204
"239","17031061901",3517
"240","17031061902",4938
"241","17031062000",2890
"242","17031062100",3646
"243","17031062200",3152
"244","17031062300",1609
"245","17031062400",1799
"246","17031062500",1420
"247","17031062600",2371
"248","17031062700",3046
"249","17031062800",3682
"250","17031062900",4138
"251","17031063000",3280
"252","17031063100",2352
"253","17031063200",6380
"254","17031063301",2992
"255","17031063302",4102
"256","17031063303",1198
"257","17031063400",2435
"258","17031070101",4583
"259","17031070102",2980
"260","17031070103",1439
"261","17031070200",4019
"262","17031070300",3818
"263","17031070400",3421
"264","17031070500",3185
"265","17031070600",3194
"266","17031070700",3741
"267","17031071000",4525
"268","17031071100",3186
"269","17031071200",2386
"270","17031071300",4129
"271","17031071400",4763
"272","17031071500",5991
"273","17031071600",1903
"274","17031071700",1485
"275","17031071800",2726
"276","17031080100",6607
"277","17031080201",3236
"278","17031080202",3800
"279","17031080300",5836
"280","17031080400",4888
"281","17031081000",8150
"282","17031081100",4455
"283","17031081201",4428
"284","17031081202",3437
"285","17031081300",6014
"286","17031081401",2171
"287","17031081402",5942
"288","17031081403",8987
"289","17031081500",4906
"290","17031081600",3725
"291","17031081700",5217
"292","17031081800",12213
"293","17031081900",1111
"294","17031090100",3526
"295","17031090200",6505
"296","17031090300",1371
"297","17031100100",5890
"298","17031100200",7564
"299","17031100300",6447
"300","17031100400",3325
"301","17031100500",5814
"302","17031100600",4914
"303","17031100700",5372
"304","17031110100",5776
"305","17031110200",2821
"306","17031110300",5304
"307","17031110400",4501
"308","17031110501",5097
"309","17031110502",3533
"310","17031120100",4400
"311","17031120200",4573
"312","17031120300",7046
"313","17031120400",3836
"314","17031130100",4895
"315","17031130200",1545
"316","17031130300",5040
"317","17031140100",3520
"318","17031140200",6603
"319","17031140301",2908
"320","17031140302",3311
"321","17031140400",5911
"322","17031140500",3171
"323","17031140601",2762
"324","17031140602",4703
"325","17031140701",2990
"326","17031140702",5572
"327","17031140800",6212
"328","17031150200",7263
"329","17031150300",7272
"330","17031150401",5146
"331","17031150402",3945
"332","17031150501",3854
"333","17031150502",3953
"334","17031150600",4223
"335","17031150700",4453
"336","17031150800",4668
"337","17031151001",2816
"338","17031151002",4892
"339","17031151100",5447
"340","17031151200",4057
"341","17031160100",2757
"342","17031160200",3356
"343","17031160300",3685
"344","17031160400",5171
"345","17031160501",3270
"346","17031160502",4012
"347","17031160601",3003
"348","17031160602",3757
"349","17031160700",6265
"350","17031160800",5236
"351","17031160900",2420
"352","17031161000",1986
"353","17031161100",2024
"354","17031161200",2873
"355","17031161300",3769
"356","17031170100",2030
"357","17031170200",3752
"358","17031170300",4981
"359","17031170400",3989
"360","17031170500",5161
"361","17031170600",2490
"362","17031170700",3260
"363","17031170800",4009
"364","17031170900",1970
"365","17031171000",6829
"366","17031171100",4103
"367","17031180100",6544
"368","17031190100",2338
"369","17031190200",5858
"370","17031190300",5289
"371","17031190401",4119
"372","17031190402",4896
"373","17031190601",3986
"374","17031190602",5554
"375","17031190701",2835
"376","17031190702",4707
"377","17031190800",6049
"378","17031190900",1869
"379","17031191000",2556
"380","17031191100",6651
"381","17031191200",3775
"382","17031191301",5211
"383","17031191302",4439
"384","17031200100",3666
"385","17031200200",4435
"386","17031200300",1866
"387","17031200401",3408
"388","17031200402",5072
"389","17031210100",4194
"390","17031210400",2491
"391","17031210501",2866
"392","17031210502",4412
"393","17031210601",2818
"394","17031210602",4362
"395","17031210700",3724
"396","17031210800",1142
"397","17031210900",3174
"398","17031220300",1998
"399","17031220400",2670
"400","17031220500",2810
"401","17031220601",1538
"402","17031220602",4316
"403","17031220701",3077
"404","17031220702",3959
"405","17031220901",3090
"406","17031220902",3194
"407","17031221000",2571
"408","17031221100",4542
"409","17031221200",2865
"410","17031221300",3011
"411","17031221400",3083
"412","17031221500",2767
"413","17031221600",3389
"414","17031222200",2243
"415","17031222500",1468
"416","17031222600",1608
"417","17031222700",2202
"418","17031222800",1052
"419","17031222900",986
"420","17031230100",1636
"421","17031230200",1977
"422","17031230300",905
"423","17031230400",2116
"424","17031230500",3080
"425","17031230600",8977
"426","17031230700",5773
"427","17031230800",1029
"428","17031230900",4903
"429","17031231100",1362
"430","17031231200",5957
"431","17031231500",5809
"432","17031240200",1966
"433","17031240300",1272
"434","17031240500",2515
"435","17031240600",1639
"436","17031240700",1634
"437","17031240800",1480
"438","17031240900",1093
"439","17031241000",1792
"440","17031241100",3650
"441","17031241200",1698
"442","17031241300",1888
"443","17031241400",5584
"444","17031241500",2823
"445","17031241600",3397
"446","17031242000",4378
"447","17031242100",3817
"448","17031242200",4014
"449","17031242300",3805
"450","17031242400",2705
"451","17031242500",3255
"452","17031242600",5512
"453","17031242700",1837
"454","17031242800",1450
"455","17031242900",2032
"456","17031243000",2223
"457","17031243100",2159
"458","17031243200",2329
"459","17031243300",2285
"460","17031243400",2931
"461","17031243500",4567
"462","17031250200",3051
"463","17031250300",4844
"464","17031250400",5513
"465","17031250500",6903
"466","17031250600",4542
"467","17031250700",6466
"468","17031250800",2693
"469","17031251000",1380
"470","17031251100",4544
"471","17031251200",3840
"472","17031251300",4915
"473","17031251400",3712
"474","17031251500",4324
"475","17031251600",4456
"476","17031251700",1291
"477","17031251800",5399
"478","17031251900",5086
"479","17031252000",6308
"480","17031252101",1492
"481","17031252102",7020
"482","17031252201",3258
"483","17031252202",4945
"484","17031260100",1016
"485","17031260200",1232
"486","17031260300",1878
"487","17031260400",939
"488","17031260500",1767
"489","17031260600",2398
"490","17031260700",1524
"491","17031260800",2001
"492","17031260900",1351
"493","17031261000",2268
"494","17031270500",1380
"495","17031271200",1384
"496","17031271300",964
"497","17031271400",1359
"498","17031271500",1470
"499","17031271800",656
"500","17031280100",7730
"501","17031280400",1423
"502","17031280800",852
"503","17031280900",1122
"504","17031281900",6749
"505","17031282700",2243
"506","17031282800",1498
"507","17031283100",2729
"508","17031283200",1727
"509","17031283800",3504
"510","17031290900",4241
"511","17031291200",1312
"512","17031291600",1429
"513","17031292200",2540
"514","17031292400",1765
"515","17031292500",3461
"516","17031300500",3240
"517","17031300600",2844
"518","17031300700",4791
"519","17031300800",4192
"520","17031300900",3937
"521","17031301100",2409
"522","17031301200",5209
"523","17031301600",3247
"524","17031301701",4205
"525","17031301702",4086
"526","17031301801",4086
"527","17031301802",2623
"528","17031301803",3168
"529","17031310200",1824
"530","17031310300",1836
"531","17031310400",1456
"532","17031310500",1599
"533","17031310600",5542
"534","17031310700",1354
"535","17031310800",4633
"536","17031310900",4914
"537","17031320101",8705
"538","17031320102",5429
"539","17031320400",3004
"540","17031320600",6116
"541","17031330101",5011
"542","17031330102",9617
"543","17031330103",8471
"544","17031330200",3969
"545","17031340300",1698
"546","17031340400",1630
"547","17031340500",1558
"548","17031340600",1317
"549","17031350100",2439
"550","17031350400",1777
"551","17031351000",3526
"552","17031351100",2160
"553","17031351400",1569
"554","17031351500",946
"555","17031360200",1672
"556","17031380100",1928
"557","17031380200",1723
"558","17031380600",4025
"559","17031381200",1906
"560","17031381400",1615
"561","17031381500",670
"562","17031381700",0
"563","17031381800",1483
"564","17031381900",1348
"565","17031390100",1854
"566","17031390200",2178
"567","17031390300",2664
"568","17031390400",2289
"569","17031390500",1766
"570","17031390600",1824
"571","17031390700",6062
"572","17031400300",1361
"573","17031400400",2204
"574","17031400500",2634
"575","17031400800",2768
"576","17031410100",2251
"577","17031410200",1281
"578","17031410500",3405
"579","17031410600",2249
"580","17031410700",2541
"581","17031410800",2890
"582","17031410900",3527
"583","17031411000",3931
"584","17031411100",2388
"585","17031411200",1643
"586","17031420100",1629
"587","17031420200",1796
"588","17031420300",2495
"589","17031420400",1327
"590","17031420500",2040
"591","17031420600",2663
"592","17031420700",2274
"593","17031420800",2322
"594","17031421200",1986
"595","17031430101",3468
"596","17031430102",3542
"597","17031430200",5455
"598","17031430300",2611
"599","17031430400",2999
"600","17031430500",3882
"601","17031430600",2218
"602","17031430700",2256
"603","17031430800",2016
"604","17031430900",1681
"605","17031431200",2399
"606","17031431301",3555
"607","17031431302",3788
"608","17031431400",7565
"609","17031440101",3986
"610","17031440102",3320
"611","17031440201",6096
"612","17031440202",2763
"613","17031440300",4650
"614","17031440600",1612
"615","17031440700",1453
"616","17031440800",1877
"617","17031440900",2377
"618","17031450300",3461
"619","17031460100",2650
"620","17031460200",1880
"621","17031460301",3189
"622","17031460302",4212
"623","17031460400",3682
"624","17031460500",6284
"625","17031460800",4376
"626","17031461000",1346
"627","17031470100",2246
"628","17031480100",2161
"629","17031480200",1057
"630","17031480300",1131
"631","17031480400",5013
"632","17031480500",2725
"633","17031490200",2944
"634","17031490500",1775
"635","17031490600",1446
"636","17031490700",2459
"637","17031490800",3705
"638","17031490901",3084
"639","17031490902",4697
"640","17031491000",3417
"641","17031491100",4205
"642","17031491200",1932
"643","17031491300",2131
"644","17031491400",2541
"645","17031500100",3231
"646","17031500200",1831
"647","17031500300",1794
"648","17031510100",3639
"649","17031510200",3714
"650","17031510300",4640
"651","17031520100",2062
"652","17031520200",3652
"653","17031520300",5925
"654","17031520400",4393
"655","17031520500",5171
"656","17031520600",2739
"657","17031530100",1915
"658","17031530200",4358
"659","17031530300",3484
"660","17031530400",2356
"661","17031530501",5118
"662","17031530502",1464
"663","17031530503",4369
"664","17031530600",2385
"665","17031540101",4460
"666","17031540102",3357
"667","17031550100",6201
"668","17031550200",2824
"669","17031560100",1284
"670","17031560200",1372
"671","17031560300",3079
"672","17031560400",1744
"673","17031560700",3584
"674","17031560800",6003
"675","17031560900",5131
"676","17031561000",6040
"677","17031561100",5888
"678","17031570100",1421
"679","17031570200",2084
"680","17031570300",5951
"681","17031570400",1712
"682","17031570500",2699
"683","17031580100",2662
"684","17031580200",2988
"685","17031580300",2569
"686","17031580400",4672
"687","17031580501",4716
"688","17031580502",4932
"689","17031580600",5402
"690","17031580700",6137
"691","17031580800",2096
"692","17031590500",1672
"693","17031590600",3813
"694","17031590700",2914
"695","17031600400",3963
"696","17031600600",2953
"697","17031600700",2870
"698","17031600900",3733
"699","17031610300",5670
"700","17031610400",1888
"701","17031610800",1521
"702","17031611200",2072
"703","17031611300",3409
"704","17031611400",3587
"705","17031611500",3273
"706","17031611600",1995
"707","17031611700",1847
"708","17031611800",2186
"709","17031611900",1559
"710","17031612000",1317
"711","17031612100",1018
"712","17031612200",3687
"713","17031620100",4798
"714","17031620200",1948
"715","17031620300",7080
"716","17031620400",4540
"717","17031630300",4167
"718","17031630400",6003
"719","17031630500",5989
"720","17031630600",2746
"721","17031630800",6361
"722","17031630900",4856
"723","17031640100",1348
"724","17031640300",6897
"725","17031640400",3309
"726","17031640500",4132
"727","17031640600",4427
"728","17031640700",3110
"729","17031640800",1505
"730","17031650100",4622
"731","17031650200",7211
"732","17031650301",4863
"733","17031650302",4945
"734","17031650400",6794
"735","17031650500",4159
"736","17031660301",1761
"737","17031660302",4612
"738","17031660400",4719
"739","17031660500",4284
"740","17031660600",5849
"741","17031660700",1617
"742","17031660800",5832
"743","17031660900",5631
"744","17031661000",5424
"745","17031661100",7186
"746","17031670100",1472
"747","17031670200",724
"748","17031670300",1332
"749","17031670400",1616
"750","17031670500",1004
"751","17031670600",1174
"752","17031670700",1092
"753","17031670800",1022
"754","17031670900",1246
"755","17031671100",915
"756","17031671200",840
"757","17031671300",1657
"758","17031671400",1299
"759","17031671500",2308
"760","17031671600",1709
"761","17031671800",1128
"762","17031671900",1034
"763","17031672000",3295
"764","17031680500",1474
"765","17031680600",1178
"766","17031680900",3560
"767","17031681000",2297
"768","17031681100",1932
"769","17031681200",1883
"770","17031681300",2323
"771","17031681400",1879
"772","17031690300",2303
"773","17031690400",2908
"774","17031690500",742
"775","17031690900",3809
"776","17031691000",2655
"777","17031691100",2883
"778","17031691200",1984
"779","17031691300",2332
"780","17031691400",2701
"781","17031691500",1895
"782","17031700100",3874
"783","17031700200",6888
"784","17031700301",6124
"785","17031700302",6003
"786","17031700401",6218
"787","17031700402",3417
"788","17031700501",6565
"789","17031700502",3656
"790","17031710100",1026
"791","17031710200",4056
"792","17031710300",1382
"793","17031710400",5668
"794","17031710500",4087
"795","17031710600",1720
"796","17031710700",3412
"797","17031710800",4536
"798","17031710900",2151
"799","17031711000",3779
"800","17031711100",2808
"801","17031711200",4869
"802","17031711300",1618
"803","17031711400",2728
"804","17031711500",2628
"805","17031720100",3370
"806","17031720200",4097
"807","17031720300",3614
"808","17031720400",1872
"809","17031720500",1833
"810","17031720600",1860
"811","17031720700",3135
"812","17031730100",2669
"813","17031730201",5671
"814","17031730202",3093
"815","17031730300",1042
"816","17031730400",4070
"817","17031730500",4053
"818","17031730600",3570
"819","17031730700",2288
"820","17031740100",3075
"821","17031740200",6473
"822","17031740300",5043
"823","17031740400",4530
"824","17031750100",3636
"825","17031750200",3141
"826","17031750300",2546
"827","17031750400",2790
"828","17031750500",4761
"829","17031750600",3844
"830","17031760801",4718
"831","17031760802",2191
"832","17031760803",6862
"833","17031770201",6051
"834","17031770202",4557
"835","17031770300",7001
"836","17031770400",4440
"837","17031770500",4225
"838","17031770601",3694
"839","17031770602",4586
"840","17031770700",2290
"841","17031770800",5773
"842","17031770901",4796
"843","17031770902",3816
"844","17031800100",2367
"845","17031800200",6420
"846","17031800300",3303
"847","17031800400",3686
"848","17031800500",5576
"849","17031800600",2389
"850","17031800700",4850
"851","17031800800",2331
"852","17031800900",4341
"853","17031801000",5261
"854","17031801100",5045
"855","17031801200",3699
"856","17031801300",4448
"857","17031801400",3052
"858","17031801500",6367
"859","17031801601",4423
"860","17031801603",3781
"861","17031801605",5721
"862","17031801606",7456
"863","17031801607",5753
"864","17031801608",6308
"865","17031801701",3568
"866","17031801702",4911
"867","17031801800",6041
"868","17031801901",4362
"869","17031801902",3770
"870","17031802002",4990
"871","17031802003",2517
"872","17031802004",6006
"873","17031802100",3717
"874","17031802200",4937
"875","17031802300",5770
"876","17031802402",6076
"877","17031802403",1392
"878","17031802404",7492
"879","17031802503",7571
"880","17031802504",6844
"881","17031802505",6371
"882","17031802506",2517
"883","17031802605",7230
"884","17031802607",1217
"885","17031802608",6009
"886","17031802609",6414
"887","17031802610",1986
"888","17031802701",6326
"889","17031802702",5043
"890","17031802801",4689
"891","17031802802",6530
"892","17031802900",6085
"893","17031803005",2701
"894","17031803007",5201
"895","17031803008",4807
"896","17031803010",4686
"897","17031803012",2014
"898","17031803013",5724
"899","17031803014",3329
"900","17031803015",4498
"901","17031803016",2560
"902","17031803017",6125
"903","17031803100",3448
"904","17031803200",5024
"905","17031803300",5629
"906","17031803400",6745
"907","17031803500",5565
"908","17031803603",6538
"909","17031803604",4375
"910","17031803605",6694
"911","17031803607",4358
"912","17031803608",8110
"913","17031803611",6425
"914","17031803612",3470
"915","17031803613",3891
"916","17031803614",4145
"917","17031803615",2357
"918","17031803616",4789
"919","17031803701",2745
"920","17031803702",6154
"921","17031803800",4159
"922","17031803901",3702
"923","17031803902",3498
"924","17031804000",4672
"925","17031804102",6865
"926","17031804104",5176
"927","17031804105",4219
"928","17031804106",7232
"929","17031804108",4577
"930","17031804109",3138
"931","17031804202",7853
"932","17031804203",3215
"933","17031804204",5281
"934","17031804305",7790
"935","17031804306",6379
"936","17031804308",4752
"937","17031804309",3311
"938","17031804312",1888
"939","17031804313",6913
"940","17031804314",1409
"941","17031804315",2547
"942","17031804316",4514
"943","17031804403",6895
"944","17031804404",5567
"945","17031804405",3348
"946","17031804406",5798
"947","17031804505",3644
"948","17031804506",5248
"949","17031804508",2345
"950","17031804509",6440
"951","17031804510",5389
"952","17031804511",2234
"953","17031804512",3555
"954","17031804513",3753
"955","17031804514",5381
"956","17031804603",6368
"957","17031804606",6349
"958","17031804607",7334
"959","17031804608",3634
"960","17031804609",5993
"961","17031804610",2684
"962","17031804611",4233
"963","17031804701",5947
"964","17031804705",4594
"965","17031804706",2255
"966","17031804709",8425
"967","17031804710",3836
"968","17031804711",8272
"969","17031804712",5431
"970","17031804713",5097
"971","17031804714",3269
"972","17031804715",3777
"973","17031804716",4599
"974","17031804803",5381
"975","17031804804",5744
"976","17031804805",6820
"977","17031804806",3765
"978","17031804807",5547
"979","17031804808",2768
"980","17031804809",4704
"981","17031804810",6552
"982","17031804901",6319
"983","17031804902",6173
"984","17031805001",4966
"985","17031805002",7434
"986","17031805105",7301
"987","17031805106",2925
"988","17031805107",6304
"989","17031805108",6375
"990","17031805109",4553
"991","17031805110",4441
"992","17031805111",8036
"993","17031805112",3312
"994","17031805201",3953
"995","17031805202",3891
"996","17031805301",3179
"997","17031805302",3896
"998","17031805401",4618
"999","17031805402",4907
"1000","17031805501",3518
"1001","17031805502",4335
"1002","17031805600",4794
"1003","17031805701",5361
"1004","17031805702",2036
"1005","17031805801",2360
"1006","17031805802",5440
"1007","17031805901",4404
"1008","17031805902",6402
"1009","17031806001",5742
"1010","17031806002",7235
"1011","17031806004",8661
"1012","17031806005",2713
"1013","17031806006",4417
"1014","17031806102",4325
"1015","17031806103",5296
"1016","17031806104",4132
"1017","17031806201",5130
"1018","17031806202",4939
"1019","17031806300",4430
"1020","17031806400",2396
"1021","17031806501",2382
"1022","17031806502",3973
"1023","17031806600",3486
"1024","17031806700",4266
"1025","17031806801",4334
"1026","17031806802",3293
"1027","17031806900",5524
"1028","17031807000",5283
"1029","17031807100",3850
"1030","17031807200",6056
"1031","17031807300",8095
"1032","17031807400",6960
"1033","17031807500",3325
"1034","17031807600",6319
"1035","17031807700",6151
"1036","17031807800",2718
"1037","17031807900",4345
"1038","17031808001",3584
"1039","17031808002",5339
"1040","17031808100",3837
"1041","17031808200",5806
"1042","17031808301",6276
"1043","17031808302",4707
"1044","17031808400",4297
"1045","17031808500",4334
"1046","17031808600",2288
"1047","17031808702",5244
"1048","17031808800",3921
"1049","17031808900",4160
"1050","17031809000",4044
"1051","17031809100",3287
"1052","17031809200",4857
"1053","17031809300",4799
"1054","17031809401",2879
"1055","17031809402",2713
"1056","17031809500",4183
"1057","17031809600",3226
"1058","17031809700",3726
"1059","17031809800",2776
"1060","17031809900",2760
"1061","17031810000",5359
"1062","17031810100",4615
"1063","17031810200",6699
"1064","17031810301",4604
"1065","17031810302",3329
"1066","17031810400",5726
"1067","17031810501",5259
"1068","17031810502",5846
"1069","17031810600",4783
"1070","17031810701",4579
"1071","17031810702",4048
"1072","17031810800",5309
"1073","17031810900",6324
"1074","17031811000",4021
"1075","17031811100",6876
"1076","17031811200",5198
"1077","17031811301",4302
"1078","17031811302",3988
"1079","17031811401",4849
"1080","17031811402",4218
"1081","17031811500",6210
"1082","17031811600",5827
"1083","17031811701",3491
"1084","17031811702",5516
"1085","17031811800",5542
"1086","17031811900",6126
"1087","17031812000",5442
"1088","17031812100",4836
"1089","17031812200",3758
"1090","17031812301",5184
"1091","17031812302",2818
"1092","17031812400",3295
"1093","17031812500",3427
"1094","17031812600",3588
"1095","17031812700",2981
"1096","17031812801",3398
"1097","17031812802",2826
"1098","17031812900",4588
"1099","17031813000",3828
"1100","17031813100",4729
"1101","17031813200",4578
"1102","17031813301",3292
"1103","17031813302",2893
"1104","17031813400",8214
"1105","17031813500",6298
"1106","17031813600",5712
"1107","17031813701",2896
"1108","17031813702",4719
"1109","17031813801",3282
"1110","17031813802",4386
"1111","17031813900",6821
"1112","17031814000",4507
"1113","17031814100",4793
"1114","17031814200",8122
"1115","17031814300",4740
"1116","17031814400",7652
"1117","17031814500",5862
"1118","17031814600",5956
"1119","17031814700",5071
"1120","17031814800",6108
"1121","17031814900",6566
"1122","17031815000",3839
"1123","17031815100",4801
"1124","17031815200",7542
"1125","17031815300",3538
"1126","17031815400",5318
"1127","17031815500",7817
"1128","17031815600",5462
"1129","17031815701",3835
"1130","17031815702",5383
"1131","17031815800",1720
"1132","17031815900",4756
"1133","17031816000",3441
"1134","17031816100",5968
"1135","17031816200",4634
"1136","17031816300",4861
"1137","17031816401",3761
"1138","17031816402",4980
"1139","17031816500",4045
"1140","17031816600",4370
"1141","17031816700",2810
"1142","17031816800",5536
"1143","17031816900",5907
"1144","17031817000",4982
"1145","17031817101",4802
"1146","17031817102",2920
"1147","17031817200",4488
"1148","17031817300",2868
"1149","17031817400",3982
"1150","17031817500",3470
"1151","17031817600",3460
"1152","17031817700",5117
"1153","17031817900",5875
"1154","17031818000",4153
"1155","17031818100",2253
"1156","17031818200",4655
"1157","17031818300",6424
"1158","17031818401",3062
"1159","17031818402",3198
"1160","17031818500",5693
"1161","17031818600",4764
"1162","17031818700",3871
"1163","17031818800",5395
"1164","17031818900",4683
"1165","17031819000",4589
"1166","17031819100",4004
"1167","17031819200",6690
"1168","17031819300",2700
"1169","17031819400",5663
"1170","17031819500",3448
"1171","17031819600",4015
"1172","17031819700",5743
"1173","17031819801",5161
"1174","17031819802",2463
"1175","17031819900",3257
"1176","17031820000",2161
"1177","17031820101",7998
"1178","17031820103",4279
"1179","17031820104",4466
"1180","17031820202",3291
"1181","17031820203",3696
"1182","17031820204",4332
"1183","17031820300",5771
"1184","17031820400",5265
"1185","17031820501",5286
"1186","17031820502",5841
"1187","17031820603",5255
"1188","17031820604",3546
"1189","17031820605",5617
"1190","17031820606",3975
"1191","17031820700",7031
"1192","17031820800",3431
"1193","17031820901",5010
"1194","17031820902",6142
"1195","17031821001",4872
"1196","17031821002",5133
"1197","17031821101",4860
"1198","17031821102",4589
"1199","17031821200",5323
"1200","17031821300",5853
"1201","17031821401",2722
"1202","17031821402",3375
"1203","17031821500",1266
"1204","17031821600",4269
"1205","17031821700",4800
"1206","17031821800",5235
"1207","17031821900",5426
"1208","17031822000",4299
"1209","17031822101",4565
"1210","17031822102",4663
"1211","17031822200",3805
"1212","17031822301",3664
"1213","17031822302",4485
"1214","17031822400",6012
"1215","17031822500",4295
"1216","17031822601",4545
"1217","17031822602",7777
"1218","17031822701",4905
"1219","17031822702",3364
"1220","17031822801",3116
"1221","17031822802",3651
"1222","17031822900",2084
"1223","17031823001",7263
"1224","17031823002",5196
"1225","17031823101",4317
"1226","17031823102",3771
"1227","17031823200",4749
"1228","17031823302",5705
"1229","17031823303",4255
"1230","17031823304",6282
"1231","17031823400",4646
"1232","17031823500",4426
"1233","17031823602",6164
"1234","17031823603",2292
"1235","17031823604",3281
"1236","17031823605",4028
"1237","17031823702",5805
"1238","17031823703",9197
"1239","17031823704",4058
"1240","17031823705",4770
"1241","17031823801",5376
"1242","17031823803",7186
"1243","17031823805",3030
"1244","17031823806",4203
"1245","17031823901",4020
"1246","17031823903",4568
"1247","17031823904",3961
"1248","17031824003",5995
"1249","17031824004",4771
"1250","17031824005",5749
"1251","17031824006",6013
"1252","17031824105",7423
"1253","17031824106",6534
"1254","17031824107",7430
"1255","17031824113",6703
"1256","17031824114",5223
"1257","17031824115",4064
"1258","17031824116",5365
"1259","17031824119",5332
"1260","17031824121",3105
"1261","17031824122",5935
"1262","17031824123",7648
"1263","17031824124",2909
"1264","17031824125",4443
"1265","17031824126",5416
"1266","17031824127",4001
"1267","17031824128",4445
"1268","17031824129",4074
"1269","17031824300",4891
"1270","17031824400",1855
"1271","17031824503",6135
"1272","17031824505",6484
"1273","17031824507",3650
"1274","17031824508",3188
"1275","17031824509",5104
"1276","17031824601",4207
"1277","17031824602",6591
"1278","17031824701",3532
"1279","17031824702",5530
"1280","17031824800",7133
"1281","17031824900",2952
"1282","17031825000",4401
"1283","17031825200",1921
"1284","17031825302",5472
"1285","17031825303",3995
"1286","17031825304",4192
"1287","17031825400",5502
"1288","17031825501",5493
"1289","17031825503",7559
"1290","17031825504",3222
"1291","17031825505",5346
"1292","17031825600",5332
"1293","17031825700",4028
"1294","17031825801",3448
"1295","17031825802",7239
"1296","17031825803",5761
"1297","17031825900",3442
"1298","17031826000",2724
"1299","17031826100",4698
"1300","17031826201",3837
"1301","17031826202",5662
"1302","17031826301",4365
"1303","17031826303",3646
"1304","17031826304",2947
"1305","17031826401",3337
"1306","17031826402",5109
"1307","17031826500",5599
"1308","17031826600",4872
"1309","17031826700",4390
"1310","17031826800",4942
"1311","17031826901",1728
"1312","17031826902",1467
"1313","17031827000",3399
"1314","17031827100",1999
"1315","17031827200",3571
"1316","17031827300",2363
"1317","17031827400",2781
"1318","17031827500",4389
"1319","17031827600",2884
"1320","17031827700",2659
"1321","17031827801",4938
"1322","17031827802",3064
"1323","17031827804",3037
"1324","17031827805",2645
"1325","17031827901",1936
"1326","17031827902",4331
"1327","17031828000",5119
"1328","17031828100",5388
"1329","17031828201",3492
"1330","17031828202",5334
"1331","17031828300",3062
"1332","17031828401",3748
"1333","17031828402",3517
"1334","17031828503",4274
"1335","17031828504",5413
"1336","17031828505",7218
"1337","17031828507",4164
"1338","17031828508",4095
"1339","17031828601",4391
"1340","17031828602",4310
"1341","17031828701",4399
"1342","17031828702",3963
"1343","17031828801",4892
"1344","17031828802",3252
"1345","17031828900",3769
"1346","17031829000",1034
"1347","17031829100",3382
"1348","17031829200",5623
"1349","17031829301",4080
"1350","17031829302",3291
"1351","17031829401",948
"1352","17031829402",3089
"1353","17031829500",3986
"1354","17031829600",3016
"1355","17031829700",2904
"1356","17031829800",6613
"1357","17031829902",7171
"1358","17031829903",4068
"1359","17031829904",4166
"1360","17031830001",2202
"1361","17031830003",8195
"1362","17031830004",6874
"1363","17031830005",3664
"1364","17031830006",2644
"1365","17031830007",4947
"1366","17031830008",4234
"1367","17031830100",3199
"1368","17031830201",4822
"1369","17031830202",3800
"1370","17031830300",5062
"1371","17031830400",3778
"1372","17031830500",3948
"1373","17031830600",4788
"1374","17031830700",4249
"1375","17031830800",2415
"1376","17031830900",2957
"1377","17031831000",2224
"1378","17031831100",7191
"1379","17031831200",4710
"1380","17031831300",1176
"1381","17031831400",2962
"1382","17031831500",3859
"1383","17031831600",7221
"1384","17031831700",2224
"1385","17031831800",7918
"1386","17031831900",3074
"1387","17031832000",1701
"1388","17031832100",3592
"1389","17031832200",3216
"1390","17031832300",1938
"1391","17031832400",3558
"1392","17031832500",3277
"1393","17031832600",4348
"1394","17031832900",2092
"1395","17031833000",4677
"1396","17031833100",8469
"1397","17031833300",2686
"1398","17031833900",2696
"1399","17031834000",3274
"1400","17031834200",5689
"1401","17031834300",6186
"1402","17031834400",4263
"1403","17031834500",1572
"1404","17031834600",1825
"1405","17031834700",1344
"1406","17031834800",1683
"1407","17031834900",905
"1408","17031835000",5549
"1409","17031835100",4666
"1410","17031835200",2276
"1411","17031835500",1393
"1412","17031835600",749
"1413","17031835800",1852
"1414","17031836000",3022
"1415","17031836100",1827
"1416","17031836200",1709
"1417","17031836300",1744
"1418","17031836400",3783
"1419","17031836500",1522
"1420","17031836600",2275
"1421","17031836700",2507
"1422","17031836800",2635
"1423","17031836900",1994
"1424","17031837000",1843
"1425","17031837100",1515
"1426","17031837300",2515
"1427","17031837400",2186
"1428","17031837800",2875
"1429","17031838000",2671
"1430","17031838100",1501
"1431","17031838200",1834
"1432","17031838300",2483
"1433","17031838600",1518
"1434","17031838700",3737
"1435","17031838800",3225
"1436","17031839000",10190
"1437","17031839100",8227
"1438","17031839200",2375
"1439","17031839500",1804
"1440","17031839600",1965
"1441","17031839700",4753
"1442","17031839800",2662
"1443","17031839900",4558
"1444","17031840000",2651
"1445","17031840100",2880
"1446","17031840200",2198
"1447","17031840300",3646
"1448","17031840400",3434
"1449","17031840700",3930
"1450","17031840800",3258
"1451","17031841000",1148
"1452","17031841100",6990
"1453","17031841200",4414
"1454","17031841300",4317
"1455","17031841500",1909
"1456","17031841700",1137
"1457","17031841800",2330
"1458","17031841900",5983
"1459","17031842000",2794
"1460","17031842100",7110
"1461","17031842200",3602
"1462","17031842300",3672
"1463","17031842400",3207
"1464","17031842500",2449
"1465","17031842600",4540
"1466","17031842800",6069
"1467","17031842900",3216
"1468","17031843000",2399
"1469","17031843100",1564
"1470","17031843200",2348
"1471","17031843300",1572
"1472","17031843400",1209
"1473","17031843500",9398
"1474","17031843600",2966
"1475","17031843700",2453
"1476","17031843800",1479
"1477","17031843900",3700
"1478","17031844600",2275
"1479","17031844700",1753
"1480","17031980000",0
"1481","17031980100",0
"1482","17031990000",0
"1483","17033880100",2462
"1484","17033880200",3767
"1485","17033880300",3074
"1486","17033880400",2846
"1487","17033880500",3630
"1488","17033880600",2950
"1489","17035972400",2918
"1490","17035972500",3415
"1491","17035972600",4114
"1492","17037000100",6449
"1493","17037000200",4615
"1494","17037000300",2797
"1495","17037000401",4587
"1496","17037000402",4679
"1497","17037000500",4065
"1498","17037000600",5368
"1499","17037000700",3924
"1500","17037000800",6166
"1501","17037000900",5516
"1502","17037001002",6505
"1503","17037001003",4502
"1504","17037001004",1953
"1505","17037001300",4744
"1506","17037001400",6286
"1507","17037001500",3844
"1508","17037001600",4673
"1509","17037001700",3515
"1510","17037001800",3919
"1511","17037001900",2422
"1512","17037002000",4660
"1513","17037002100",2387
"1514","17037002200",3110
"1515","17039971400",2310
"1516","17039971500",2572
"1517","17039971600",3719
"1518","17039971700",3373
"1519","17039971800",3561
"1520","17041952000",2288
"1521","17041952100",4000
"1522","17041952200",4657
"1523","17041952300",5059
"1524","17041952400",3710
"1525","17043840000",2990
"1526","17043840101",5330
"1527","17043840102",4741
"1528","17043840103",5897
"1529","17043840104",5814
"1530","17043840201",6323
"1531","17043840202",5568
"1532","17043840303",3374
"1533","17043840304",3636
"1534","17043840600",4770
"1535","17043840703",4483
"1536","17043840704",2668
"1537","17043840705",3854
"1538","17043840706",3613
"1539","17043840801",2598
"1540","17043840802",6069
"1541","17043840901",4020
"1542","17043840904",3559
"1543","17043840906",2937
"1544","17043840907",4421
"1545","17043840908",5171
"1546","17043840910",4437
"1547","17043840911",2923
"1548","17043841002",2940
"1549","17043841003",3418
"1550","17043841004",4019
"1551","17043841102",5893
"1552","17043841103",4035
"1553","17043841104",4038
"1554","17043841108",4648
"1555","17043841109",4049
"1556","17043841110",3703
"1557","17043841111",3442
"1558","17043841112",3446
"1559","17043841113",3844
"1560","17043841114",4375
"1561","17043841204",5740
"1562","17043841205",4360
"1563","17043841206",6232
"1564","17043841207",3069
"1565","17043841208",5085
"1566","17043841209",3764
"1567","17043841210",4099
"1568","17043841307",5372
"1569","17043841308",4716
"1570","17043841310",3548
"1571","17043841312",3495
"1572","17043841313",2685
"1573","17043841314",6846
"1574","17043841315",2848
"1575","17043841316",3419
"1576","17043841318",2591
"1577","17043841320",2614
"1578","17043841321",2506
"1579","17043841322",4836
"1580","17043841323",2801
"1581","17043841324",2897
"1582","17043841325",5317
"1583","17043841326",3735
"1584","17043841327",4109
"1585","17043841401",6660
"1586","17043841403",4249
"1587","17043841404",3458
"1588","17043841501",5508
"1589","17043841503",4089
"1590","17043841504",3030
"1591","17043841603",4608
"1592","17043841604",4519
"1593","17043841605",3473
"1594","17043841606",1891
"1595","17043841607",4970
"1596","17043841704",4703
"1597","17043841705",6645
"1598","17043841706",4362
"1599","17043841707",4014
"1600","17043841708",3783
"1601","17043841801",5032
"1602","17043841802",5432
"1603","17043841901",2806
"1604","17043841902",4149
"1605","17043842000",4289
"1606","17043842100",6042
"1607","17043842200",4694
"1608","17043842300",3613
"1609","17043842400",4826
"1610","17043842500",3535
"1611","17043842601",4294
"1612","17043842602",4049
"1613","17043842603",4015
"1614","17043842604",4624
"1615","17043842605",3535
"1616","17043842702",4757
"1617","17043842703",4091
"1618","17043842704",5536
"1619","17043842706",4645
"1620","17043842708",2485
"1621","17043842709",3505
"1622","17043842710",3648
"1623","17043842711",2543
"1624","17043842800",4658
"1625","17043842900",5922
"1626","17043843000",4643
"1627","17043843100",3793
"1628","17043843200",5427
"1629","17043843301",3477
"1630","17043843302",3423
"1631","17043843400",3322
"1632","17043843500",5469
"1633","17043843601",3617
"1634","17043843602",2910
"1635","17043843700",4628
"1636","17043843800",3381
"1637","17043843900",4158
"1638","17043844001",3886
"1639","17043844002",4054
"1640","17043844100",3891
"1641","17043844201",5619
"1642","17043844202",2556
"1643","17043844304",4217
"1644","17043844305",4479
"1645","17043844306",6007
"1646","17043844307",3871
"1647","17043844308",2223
"1648","17043844309",2332
"1649","17043844310",2347
"1650","17043844401",3858
"1651","17043844402",4355
"1652","17043844501",3535
"1653","17043844502",3358
"1654","17043844601",3295
"1655","17043844602",5094
"1656","17043844701",4126
"1657","17043844702",5685
"1658","17043844801",4177
"1659","17043844802",3460
"1660","17043844901",3472
"1661","17043844902",4587
"1662","17043845000",6195
"1663","17043845100",5950
"1664","17043845200",4692
"1665","17043845300",3071
"1666","17043845401",3944
"1667","17043845402",3177
"1668","17043845502",5206
"1669","17043845505",3759
"1670","17043845506",3818
"1671","17043845507",3433
"1672","17043845508",3890
"1673","17043845509",3750
"1674","17043845510",3113
"1675","17043845601",4613
"1676","17043845602",4747
"1677","17043845701",4272
"1678","17043845702",4669
"1679","17043845703",4189
"1680","17043845704",5136
"1681","17043845802",3559
"1682","17043845803",5579
"1683","17043845805",3980
"1684","17043845807",6377
"1685","17043845808",3424
"1686","17043845809",4858
"1687","17043845810",4046
"1688","17043845811",3412
"1689","17043845901",3458
"1690","17043845902",3491
"1691","17043846002",4554
"1692","17043846003",4048
"1693","17043846004",3839
"1694","17043846102",4452
"1695","17043846103",4932
"1696","17043846104",4132
"1697","17043846105",3910
"1698","17043846106",3956
"1699","17043846201",6066
"1700","17043846202",6265
"1701","17043846203",4208
"1702","17043846205",3725
"1703","17043846206",4356
"1704","17043846207",5597
"1705","17043846208",3354
"1706","17043846209",4207
"1707","17043846304",5144
"1708","17043846305",5258
"1709","17043846307",4617
"1710","17043846308",4054
"1711","17043846310",4783
"1712","17043846311",5576
"1713","17043846312",5056
"1714","17043846313",4967
"1715","17043846314",3829
"1716","17043846315",3898
"1717","17043846404",6091
"1718","17043846405",3907
"1719","17043846408",4162
"1720","17043846409",4309
"1721","17043846410",4961
"1722","17043846411",5448
"1723","17043846412",5066
"1724","17043846413",3557
"1725","17043846504",6136
"1726","17043846507",3727
"1727","17043846509",5909
"1728","17043846510",3896
"1729","17043846511",6216
"1730","17043846513",3302
"1731","17043846514",4187
"1732","17043846515",5138
"1733","17043846517",5675
"1734","17043846518",3005
"1735","17043846519",3245
"1736","17043846521",4861
"1737","17043846522",3822
"1738","17043846523",2674
"1739","17043846524",5208
"1740","17043846603",3808
"1741","17043846604",4056
"1742","17043846701",4156
"1743","17043846702",4297
"1744","17045070100",2567
"1745","17045070200",1760
"1746","17045070300",3737
"1747","17045070400",5408
"1748","17045070500",3380
"1749","17047956900",2011
"1750","17047957000",1998
"1751","17047957100",2173
"1752","17049950100",4120
"1753","17049950200",4904
"1754","17049950300",4110
"1755","17049950400",3768
"1756","17049950500",4708
"1757","17049950600",5037
"1758","17049950700",3789
"1759","17049950800",4158
"1760","17051950500",2807
"1761","17051950600",2352
"1762","17051950700",5431
"1763","17051950800",4428
"1764","17051950900",1736
"1765","17051951000",1833
"1766","17051951100",2877
"1767","17053961600",1845
"1768","17053961700",2116
"1769","17053961800",4389
"1770","17053961900",1456
"1771","17053962000",3678
"1772","17055040100",2754
"1773","17055040200",3103
"1774","17055040300",2914
"1775","17055040400",3599
"1776","17055040500",3532
"1777","17055040600",2729
"1778","17055040700",3824
"1779","17055040800",3426
"1780","17055040900",2352
"1781","17055041000",2729
"1782","17055041100",3010
"1783","17055041200",3838
"1784","17057952800",2455
"1785","17057952900",2997
"1786","17057953000",2180
"1787","17057953100",2454
"1788","17057953200",2566
"1789","17057953300",3400
"1790","17057953400",1680
"1791","17057953500",4214
"1792","17057953600",4403
"1793","17057953700",2444
"1794","17057953800",2468
"1795","17057953900",2430
"1796","17059972700",2361
"1797","17059972800",2606
"1798","17061973600",3233
"1799","17061973700",1636
"1800","17061973800",1584
"1801","17061973900",2176
"1802","17061974000",3386
"1803","17063000102",8087
"1804","17063000103",7878
"1805","17063000200",7185
"1806","17063000300",3617
"1807","17063000400",5659
"1808","17063000500",2686
"1809","17063000600",2836
"1810","17063000700",5671
"1811","17063000800",5353
"1812","17063000900",3652
"1813","17065973100",2963
"1814","17065973200",2157
"1815","17065973300",2888
"1816","17067953700",1983
"1817","17067953800",2666
"1818","17067953900",1679
"1819","17067954000",2136
"1820","17067954100",3136
"1821","17067954200",2254
"1822","17067954300",3728
"1823","17069970900",1904
"1824","17069971000",1761
"1825","17071973300",2027
"1826","17071973400",1871
"1827","17071973500",2476
"1828","17073030100",5774
"1829","17073030201",4333
"1830","17073030202",3497
"1831","17073030203",4865
"1832","17073030301",3843
"1833","17073030302",3253
"1834","17073030400",2593
"1835","17073030500",2257
"1836","17073030600",2960
"1837","17073030800",3268
"1838","17073030900",3571
"1839","17073031000",3486
"1840","17073031100",2615
"1841","17073031200",2842
"1842","17075950100",2864
"1843","17075950200",3512
"1844","17075950300",2904
"1845","17075950400",3102
"1846","17075950500",3729
"1847","17075950600",3129
"1848","17075950700",2908
"1849","17075950800",2558
"1850","17075950900",2337
"1851","17077010100",3306
"1852","17077010200",3787
"1853","17077010300",2594
"1854","17077010400",4783
"1855","17077010601",2131
"1856","17077010602",3082
"1857","17077010700",2970
"1858","17077010800",2963
"1859","17077010900",2089
"1860","17077011001",1366
"1861","17077011002",4494
"1862","17077011100",3013
"1863","17077011200",4293
"1864","17077011400",3700
"1865","17077011600",3775
"1866","17077011701",1458
"1867","17077011702",3372
"1868","17079977300",2651
"1869","17079977400",2843
"1870","17079977500",3801
"1871","17081050100",3991
"1872","17081050200",2981
"1873","17081050300",4281
"1874","17081050400",4933
"1875","17081050500",3666
"1876","17081050600",2933
"1877","17081050700",3447
"1878","17081050800",4471
"1879","17081050900",2489
"1880","17081051000",1399
"1881","17081051100",2452
"1882","17083010100",5380
"1883","17083010200",3437
"1884","17083010300",3882
"1885","17083010401",5949
"1886","17083010402",1671
"1887","17083010500",1143
"1888","17085020101",2007
"1889","17085020102",2648
"1890","17085020200",4703
"1891","17085020300",4868
"1892","17085020401",2071
"1893","17085020402",2675
"1894","17085020500",2970
"1895","17087977600",4359
"1896","17087977700",3052
"1897","17087977800",4054
"1898","17087980000",1848
"1899","17089850101",6256
"1900","17089850103",6072
"1901","17089850105",7629
"1902","17089850106",7649
"1903","17089850201",4155
"1904","17089850202",6476
"1905","17089850301",8657
"1906","17089850302",4363
"1907","17089850400",2563
"1908","17089850500",3831
"1909","17089850600",7088
"1910","17089850703",2221
"1911","17089850704",4957
"1912","17089850705",9014
"1913","17089850706",1654
"1914","17089850707",8697
"1915","17089850708",4836
"1916","17089850709",4036
"1917","17089850710",7138
"1918","17089850711",3897
"1919","17089850800",6846
"1920","17089851000",6358
"1921","17089851101",3588
"1922","17089851102",4396
"1923","17089851301",3648
"1924","17089851302",3341
"1925","17089851400",6567
"1926","17089851500",989
"1927","17089851600",6288
"1928","17089851801",8230
"1929","17089851904",7052
"1930","17089851907",9282
"1931","17089851908",6002
"1932","17089851909",4310
"1933","17089851910",3831
"1934","17089851911",4941
"1935","17089851912",3309
"1936","17089851913",5219
"1937","17089852001",4400
"1938","17089852002",7597
"1939","17089852004",2913
"1940","17089852005",4496
"1941","17089852101",7529
"1942","17089852103",6444
"1943","17089852104",2929
"1944","17089852201",4964
"1945","17089852203",4523
"1946","17089852204",4131
"1947","17089852300",1931
"1948","17089852403",5051
"1949","17089852404",2687
"1950","17089852405",3297
"1951","17089852406",2658
"1952","17089852407",3798
"1953","17089852408",4435
"1954","17089852500",6265
"1955","17089852606",4955
"1956","17089852607",3421
"1957","17089852608",4026
"1958","17089852700",6673
"1959","17089852803",4125
"1960","17089852805",6159
"1961","17089852806",7569
"1962","17089852807",4095
"1963","17089852808",6832
"1964","17089852903",5538
"1965","17089852904",2608
"1966","17089852905",4217
"1967","17089852906",5443
"1968","17089852907",5294
"1969","17089853001",3910
"1970","17089853004",3398
"1971","17089853005",5370
"1972","17089853006",3032
"1973","17089853007",5025
"1974","17089853008",4015
"1975","17089853100",3026
"1976","17089853200",5861
"1977","17089853300",3657
"1978","17089853401",2600
"1979","17089853402",4541
"1980","17089853500",5003
"1981","17089853601",2581
"1982","17089853602",3313
"1983","17089853900",5381
"1984","17089854001",4076
"1985","17089854002",5669
"1986","17089854100",4565
"1987","17089854200",4670
"1988","17089854301",5698
"1989","17089854302",4796
"1990","17089854401",2080
"1991","17089854402",2376
"1992","17089854403",8315
"1993","17089854504",8537
"1994","17089854505",8192
"1995","17089854506",3128
"1996","17089854507",6050
"1997","17089854508",5826
"1998","17089854509",6326
"1999","17089854600",4290
"2000","17089854700",2043
"2001","17089854800",7732
"2002","17089854900",5783
"2003","17091010100",2381
"2004","17091010201",2299
"2005","17091010203",4362
"2006","17091010204",5354
"2007","17091010300",3695
"2008","17091010400",4753
"2009","17091010500",6632
"2010","17091010601",5258
"2011","17091010602",5931
"2012","17091010701",4669
"2013","17091010702",6984
"2014","17091010800",3461
"2015","17091010900",4504
"2016","17091011000",1535
"2017","17091011100",2013
"2018","17091011200",1899
"2019","17091011300",2077
"2020","17091011400",1638
"2021","17091011500",2085
"2022","17091011600",1447
"2023","17091011700",3079
"2024","17091011800",2456
"2025","17091011900",1543
"2026","17091012000",5238
"2027","17091012100",3491
"2028","17091012200",3169
"2029","17091012300",4330
"2030","17091012400",4344
"2031","17091012500",2425
"2032","17091012600",4369
"2033","17093890103",5856
"2034","17093890104",6180
"2035","17093890105",8664
"2036","17093890106",4366
"2037","17093890107",4541
"2038","17093890108",5142
"2039","17093890201",4751
"2040","17093890202",4161
"2041","17093890301",6885
"2042","17093890302",5259
"2043","17093890401",8017
"2044","17093890402",9276
"2045","17093890403",5207
"2046","17093890404",9853
"2047","17093890501",9275
"2048","17093890502",4950
"2049","17093890601",4226
"2050","17093890602",6213
"2051","17093890701",5480
"2052","17093890702",5557
"2053","17093890703",8936
"2054","17095000100",2810
"2055","17095000200",3037
"2056","17095000300",4370
"2057","17095000400",4408
"2058","17095000500",5431
"2059","17095000600",3492
"2060","17095000700",1885
"2061","17095000800",2513
"2062","17095000900",2053
"2063","17095001000",3709
"2064","17095001100",2252
"2065","17095001200",1516
"2066","17095001300",3838
"2067","17095001400",1596
"2068","17095001500",3908
"2069","17095001600",2933
"2070","17097860103",3692
"2071","17097860104",2954
"2072","17097860105",5019
"2073","17097860106",2996
"2074","17097860200",4042
"2075","17097860301",3616
"2076","17097860302",2507
"2077","17097860400",6424
"2078","17097860500",4195
"2079","17097860600",8130
"2080","17097860805",2047
"2081","17097860806",5130
"2082","17097860807",3404
"2083","17097860808",2431
"2084","17097860809",3165
"2085","17097860811",4772
"2086","17097860812",3538
"2087","17097860813",3011
"2088","17097860903",6295
"2089","17097860905",5588
"2090","17097860906",11000
"2091","17097860907",3283
"2092","17097860908",1819
"2093","17097861007",3975
"2094","17097861008",5432
"2095","17097861009",5178
"2096","17097861010",5760
"2097","17097861011",7483
"2098","17097861012",5341
"2099","17097861013",3579
"2100","17097861014",3143
"2101","17097861105",4607
"2102","17097861106",7390
"2103","17097861107",4070
"2104","17097861108",6172
"2105","17097861201",5849
"2106","17097861202",4305
"2107","17097861301",5611
"2108","17097861303",5268
"2109","17097861304",3046
"2110","17097861402",8546
"2111","17097861403",2553
"2112","17097861404",6224
"2113","17097861504",9100
"2114","17097861505",3510
"2115","17097861506",5449
"2116","17097861507",2673
"2117","17097861508",4193
"2118","17097861509",3256
"2119","17097861510",4215
"2120","17097861603",7399
"2121","17097861604",5540
"2122","17097861607",4259
"2123","17097861608",3805
"2124","17097861609",4807
"2125","17097861610",3659
"2126","17097861611",3821
"2127","17097861701",1992
"2128","17097861702",4235
"2129","17097861803",7498
"2130","17097861804",3597
"2131","17097861901",2979
"2132","17097861902",7469
"2133","17097862000",6291
"2134","17097862100",5674
"2135","17097862200",4059
"2136","17097862300",2778
"2137","17097862401",2966
"2138","17097862402",3027
"2139","17097862501",3803
"2140","17097862502",2663
"2141","17097862603",6730
"2142","17097862604",4567
"2143","17097862605",3836
"2144","17097862700",3851
"2145","17097862800",1899
"2146","17097862901",3760
"2147","17097862902",2754
"2148","17097863003",8811
"2149","17097863004",4968
"2150","17097863005",1473
"2151","17097863006",337
"2152","17097863100",2449
"2153","17097863201",2846
"2154","17097863202",5739
"2155","17097863300",2327
"2156","17097863400",4353
"2157","17097863500",4439
"2158","17097863601",3419
"2159","17097863603",3469
"2160","17097863604",2897
"2161","17097863701",4849
"2162","17097863702",4003
"2163","17097863801",4708
"2164","17097863902",6042
"2165","17097863903",4252
"2166","17097863904",6662
"2167","17097864001",6836
"2168","17097864002",5264
"2169","17097864105",6416
"2170","17097864106",3737
"2171","17097864107",5458
"2172","17097864108",5439
"2173","17097864109",6246
"2174","17097864110",5985
"2175","17097864203",4348
"2176","17097864204",4732
"2177","17097864206",3197
"2178","17097864207",7227
"2179","17097864208",4074
"2180","17097864303",4540
"2181","17097864305",3917
"2182","17097864306",2044
"2183","17097864307",2076
"2184","17097864308",4655
"2185","17097864402",7729
"2186","17097864403",6275
"2187","17097864407",6290
"2188","17097864408",6066
"2189","17097864409",4326
"2190","17097864410",5234
"2191","17097864411",5318
"2192","17097864412",4093
"2193","17097864510",4853
"2194","17097864511",6840
"2195","17097864512",4409
"2196","17097864513",6069
"2197","17097864514",2428
"2198","17097864515",2960
"2199","17097864516",4307
"2200","17097864517",3257
"2201","17097864518",5148
"2202","17097864519",5514
"2203","17097864520",5054
"2204","17097864521",2749
"2205","17097864522",4831
"2206","17097864523",3916
"2207","17097864524",4160
"2208","17097864601",3651
"2209","17097864602",3853
"2210","17097864700",2657
"2211","17097864801",5482
"2212","17097864802",3053
"2213","17097864901",4558
"2214","17097864903",4595
"2215","17097864904",2612
"2216","17097865000",1050
"2217","17097865200",5513
"2218","17097865300",3477
"2219","17097865400",4292
"2220","17097865501",2653
"2221","17097865502",2227
"2222","17097865600",3624
"2223","17097865700",6279
"2224","17097865801",3151
"2225","17097865802",2933
"2226","17097866000",6807
"2227","17097866100",3672
"2228","17097866200",6256
"2229","17097990000",0
"2230","17099961701",6436
"2231","17099961702",3334
"2232","17099961800",3640
"2233","17099961900",4149
"2234","17099962000",3686
"2235","17099962100",5476
"2236","17099962200",4883
"2237","17099962300",7029
"2238","17099962400",3607
"2239","17099962500",2032
"2240","17099962600",5879
"2241","17099962700",2240
"2242","17099962800",3319
"2243","17099962900",2910
"2244","17099963000",4440
"2245","17099963100",3745
"2246","17099963200",2589
"2247","17099963300",2521
"2248","17099963400",3799
"2249","17099963500",4883
"2250","17099963600",3357
"2251","17099963700",5164
"2252","17099963800",4036
"2253","17099963900",4515
"2254","17099964000",2470
"2255","17099964100",3748
"2256","17099964200",2581
"2257","17099964300",3027
"2258","17101880700",2809
"2259","17101880800",4945
"2260","17101880900",2467
"2261","17101881000",1886
"2262","17101881100",3195
"2263","17103000100",2651
"2264","17103000200",3126
"2265","17103000300",4240
"2266","17103000400",7722
"2267","17103000500",4658
"2268","17103000600",3500
"2269","17103000700",1487
"2270","17103000800",3575
"2271","17103000900",3262
"2272","17105960100",3814
"2273","17105960200",3244
"2274","17105960300",2860
"2275","17105960400",3234
"2276","17105960500",3462
"2277","17105960600",4228
"2278","17105960700",4691
"2279","17105960800",5502
"2280","17105960900",2304
"2281","17105961000",2432
"2282","17107952900",3637
"2283","17107953000",2483
"2284","17107953100",3551
"2285","17107953200",3516
"2286","17107953300",3223
"2287","17107953400",3801
"2288","17107953500",4713
"2289","17107953600",3103
"2290","17109010100",3348
"2291","17109010200",1972
"2292","17109010300",2283
"2293","17109010401",1055
"2294","17109010402",3636
"2295","17109010600",2204
"2296","17109010700",3859
"2297","17109010900",2275
"2298","17109011000",2087
"2299","17109011100",2704
"2300","17109980000",1947
"2301","17111870103",2523
"2302","17111870104",4747
"2303","17111870105",3912
"2304","17111870106",2923
"2305","17111870200",5870
"2306","17111870301",4812
"2307","17111870302",4280
"2308","17111870402",5937
"2309","17111870403",4389
"2310","17111870404",3928
"2311","17111870501",4466
"2312","17111870502",4356
"2313","17111870603",4776
"2314","17111870604",5311
"2315","17111870605",6809
"2316","17111870606",4007
"2317","17111870702",7751
"2318","17111870703",5594
"2319","17111870704",3540
"2320","17111870807",5551
"2321","17111870808",4008
"2322","17111870809",7702
"2323","17111870810",4107
"2324","17111870811",4621
"2325","17111870812",4316
"2326","17111870813",4455
"2327","17111870814",3671
"2328","17111870903",3333
"2329","17111870904",5038
"2330","17111870905",5097
"2331","17111870906",4969
"2332","17111870907",3155
"2333","17111871003",4120
"2334","17111871004",6411
"2335","17111871105",5505
"2336","17111871107",5397
"2337","17111871108",5148
"2338","17111871109",5314
"2339","17111871110",4443
"2340","17111871111",5052
"2341","17111871112",5595
"2342","17111871113",3761
"2343","17111871114",3644
"2344","17111871115",3711
"2345","17111871201",7196
"2346","17111871202",5491
"2347","17111871205",4413
"2348","17111871206",6960
"2349","17111871207",4469
"2350","17111871208",3878
"2351","17111871209",3516
"2352","17111871301",4819
"2353","17111871304",3698
"2354","17111871305",5950
"2355","17111871307",5204
"2356","17111871310",4513
"2357","17111871311",4862
"2358","17111871312",5615
"2359","17111871313",2088
"2360","17111871402",5641
"2361","17111871404",4425
"2362","17111871501",6422
"2363","17111871502",8777
"2364","17111871600",5141
"2365","17113000105",3868
"2366","17113000106",3363
"2367","17113000107",4491
"2368","17113000108",5574
"2369","17113000109",5647
"2370","17113000200",5047
"2371","17113000301",4271
"2372","17113000302",5411
"2373","17113000400",3061
"2374","17113000501",2759
"2375","17113000502",2528
"2376","17113000504",4450
"2377","17113000506",3614
"2378","17113000507",2838
"2379","17113001103",2872
"2380","17113001105",5155
"2381","17113001106",2953
"2382","17113001107",3843
"2383","17113001108",5006
"2384","17113001200",2282
"2385","17113001301",2039
"2386","17113001302",2264
"2387","17113001303",1899
"2388","17113001402",3304
"2389","17113001403",4305
"2390","17113001404",4381
"2391","17113001500",2396
"2392","17113001600",2435
"2393","17113001700",2182
"2394","17113001800",3365
"2395","17113002101",4635
"2396","17113002102",1684
"2397","17113005102",7353
"2398","17113005103",5362
"2399","17113005104",4974
"2400","17113005201",956
"2401","17113005202",3036
"2402","17113005401",6844
"2403","17113005402",3617
"2404","17113005501",2314
"2405","17113005502",2413
"2406","17113005601",1896
"2407","17113005602",2314
"2408","17113005700",4998
"2409","17113005800",4015
"2410","17113005900",3797
"2411","17113006000",3473
"2412","17115000200",2595
"2413","17115000300",3308
"2414","17115000400",1187
"2415","17115000501",691
"2416","17115000502",2354
"2417","17115000600",1639
"2418","17115000900",1596
"2419","17115001000",1116
"2420","17115001100",3403
"2421","17115001200",2889
"2422","17115001300",2304
"2423","17115001400",2716
"2424","17115001500",3978
"2425","17115001600",2478
"2426","17115001700",1990
"2427","17115001801",2024
"2428","17115001802",1798
"2429","17115001900",2534
"2430","17115002001",1092
"2431","17115002002",2334
"2432","17115002100",1192
"2433","17115002200",4923
"2434","17115002300",2967
"2435","17115002401",2714
"2436","17115002402",4855
"2437","17115002500",7165
"2438","17115002601",3891
"2439","17115002602",1870
"2440","17115002700",2150
"2441","17115002800",4239
"2442","17115002901",4528
"2443","17115002902",4423
"2444","17115002904",4868
"2445","17115002905",1798
"2446","17115002906",2504
"2447","17115003000",3607
"2448","17115003100",1822
"2449","17117956000",3063
"2450","17117956100",2950
"2451","17117956200",2560
"2452","17117956300",2877
"2453","17117956400",5323
"2454","17117956500",2447
"2455","17117956600",4708
"2456","17117956700",3844
"2457","17117956800",2493
"2458","17117956900",3562
"2459","17117957000",3576
"2460","17117957100",2887
"2461","17117957200",4617
"2462","17119400101",2707
"2463","17119400102",4661
"2464","17119400200",3533
"2465","17119400600",2058
"2466","17119400700",1762
"2467","17119400801",1683
"2468","17119400802",6107
"2469","17119400903",4388
"2470","17119400904",3495
"2471","17119400951",5439
"2472","17119400952",3492
"2473","17119401000",2272
"2474","17119401101",2707
"2475","17119401102",3274
"2476","17119401200",2028
"2477","17119401300",4576
"2478","17119401400",2996
"2479","17119401500",2618
"2480","17119401701",2540
"2481","17119401721",5601
"2482","17119401722",2856
"2483","17119401800",6218
"2484","17119401901",1703
"2485","17119401905",4738
"2486","17119402000",4377
"2487","17119402100",2318
"2488","17119402200",3450
"2489","17119402300",1709
"2490","17119402400",1628
"2491","17119402500",1871
"2492","17119402600",2762
"2493","17119402701",6761
"2494","17119402721",7958
"2495","17119402722",2961
"2496","17119402801",3541
"2497","17119402803",3464
"2498","17119402804",2343
"2499","17119402805",5513
"2500","17119402900",5408
"2501","17119403001",6334
"2502","17119403002",6814
"2503","17119403101",6140
"2504","17119403121",9557
"2505","17119403122",6108
"2506","17119403200",4968
"2507","17119403300",2495
"2508","17119403401",4295
"2509","17119403403",2687
"2510","17119403404",2939
"2511","17119403502",5327
"2512","17119403531",7690
"2513","17119403532",5927
"2514","17119403533",10799
"2515","17119403534",4241
"2516","17119403601",3828
"2517","17119403603",1859
"2518","17119403604",6467
"2519","17119403701",6862
"2520","17119403702",5868
"2521","17119403801",5225
"2522","17119403802",4240
"2523","17119404000",2356
"2524","17119404100",2970
"2525","17121951600",3334
"2526","17121951700",2598
"2527","17121951800",2153
"2528","17121951900",2881
"2529","17121952000",4394
"2530","17121952100",3146
"2531","17121952200",4099
"2532","17121952300",3300
"2533","17121952400",3946
"2534","17121952500",2551
"2535","17121952600",1957
"2536","17121952700",3184
"2537","17123961100",2728
"2538","17123961200",2493
"2539","17123961300",2044
"2540","17123961400",2664
"2541","17123961500",1811
"2542","17125956300",2580
"2543","17125956400",1751
"2544","17125956500",3242
"2545","17125956600",1498
"2546","17125956700",1665
"2547","17125956800",2338
"2548","17127970100",4644
"2549","17127970200",3679
"2550","17127970300",3519
"2551","17127970400",2293
"2552","17129010100",5946
"2553","17129010200",4080
"2554","17129010300",2258
"2555","17131040100",4559
"2556","17131040200",3358
"2557","17131040300",3858
"2558","17131040400",3917
"2559","17133600102",4417
"2560","17133600103",3327
"2561","17133600104",5707
"2562","17133600401",7577
"2563","17133600402",4782
"2564","17133600501",6299
"2565","17133600502",2796
"2566","17135957300",3117
"2567","17135957400",2313
"2568","17135957500",3021
"2569","17135957600",3426
"2570","17135957700",3197
"2571","17135957800",3299
"2572","17135957900",4576
"2573","17135958000",5403
"2574","17137951400",2420
"2575","17137951500",2655
"2576","17137951600",3174
"2577","17137951700",2448
"2578","17137951800",4372
"2579","17137951900",4232
"2580","17137952000",3700
"2581","17137952100",3490
"2582","17137952200",2949
"2583","17137952300",3442
"2584","17139976900",4929
"2585","17139977000",2399
"2586","17139977100",2982
"2587","17139977200",4221
"2588","17141960700",4193
"2589","17141960800",3494
"2590","17141960900",4451
"2591","17141961001",3118
"2592","17141961002",3789
"2593","17141961100",3999
"2594","17141961200",7222
"2595","17141961301",2093
"2596","17141961302",2746
"2597","17141961400",4447
"2598","17141961500",4266
"2599","17141961600",3154
"2600","17141961700",4700
"2601","17143000200",1981
"2602","17143000300",1559
"2603","17143000600",2668
"2604","17143000900",2452
"2605","17143001200",1229
"2606","17143001300",2522
"2607","17143001500",1415
"2608","17143001600",3578
"2609","17143001800",2960
"2610","17143001900",1452
"2611","17143002000",2796
"2612","17143002100",3874
"2613","17143002200",3844
"2614","17143002300",4690
"2615","17143002400",4048
"2616","17143002500",3549
"2617","17143002600",1535
"2618","17143002701",3309
"2619","17143002702",3921
"2620","17143002800",3326
"2621","17143002900",3654
"2622","17143003000",5156
"2623","17143003101",4899
"2624","17143003103",3084
"2625","17143003104",3224
"2626","17143003200",4784
"2627","17143003300",2769
"2628","17143003402",4290
"2629","17143003403",3039
"2630","17143003404",8744
"2631","17143003601",2442
"2632","17143003602",5595
"2633","17143003700",3265
"2634","17143003800",3357
"2635","17143003900",9397
"2636","17143004000",4351
"2637","17143004101",7092
"2638","17143004102",3266
"2639","17143004200",3751
"2640","17143004300",2057
"2641","17143004400",4622
"2642","17143004500",4809
"2643","17143004600",5135
"2644","17143004801",4649
"2645","17143004802",4246
"2646","17143004901",3634
"2647","17143004902",4611
"2648","17143005000",2005
"2649","17143005100",2551
"2650","17145030100",2773
"2651","17145030200",7404
"2652","17145030300",2132
"2653","17145030400",2406
"2654","17145030500",2366
"2655","17145030600",3915
"2656","17147954500",4192
"2657","17147954600",6790
"2658","17147954700",2967
"2659","17147954800",2749
"2660","17149952400",3061
"2661","17149952500",2573
"2662","17149952600",2800
"2663","17149952700",4309
"2664","17149952800",2033
"2665","17151971200",1957
"2666","17151971300",1842
"2667","17153971000",2632
"2668","17153971100",2545
"2669","17155954500",2869
"2670","17155954600",2759
"2671","17157950500",2020
"2672","17157950600",4053
"2673","17157950700",2253
"2674","17157950800",4805
"2675","17157950900",3311
"2676","17157951000",2376
"2677","17157951100",3751
"2678","17157951201",1822
"2679","17157951202",3451
"2680","17157951300",2571
"2681","17159977900",3733
"2682","17159978000",1935
"2683","17159978100",4291
"2684","17159978200",2819
"2685","17159978300",2938
"2686","17161020101",2414
"2687","17161020102",3774
"2688","17161020103",836
"2689","17161020200",3697
"2690","17161020301",4400
"2691","17161020302",2245
"2692","17161020400",6507
"2693","17161020600",2156
"2694","17161020700",1475
"2695","17161020800",4729
"2696","17161020900",5142
"2697","17161021000",4091
"2698","17161021100",3999
"2699","17161021200",4398
"2700","17161021300",5023
"2701","17161021400",1208
"2702","17161021500",4539
"2703","17161021600",2590
"2704","17161021700",3502
"2705","17161021800",4816
"2706","17161021900",1482
"2707","17161022000",3969
"2708","17161022100",2573
"2709","17161022200",3904
"2710","17161022300",2179
"2711","17161022600",1827
"2712","17161022800",5471
"2713","17161022900",2916
"2714","17161023000",3736
"2715","17161023100",2858
"2716","17161023200",5363
"2717","17161023300",3562
"2718","17161023500",1930
"2719","17161023600",1399
"2720","17161023700",2202
"2721","17161024000",4191
"2722","17161024101",3903
"2723","17161024102",4772
"2724","17161024103",3925
"2725","17161024200",4188
"2726","17161024300",2303
"2727","17161024400",1419
"2728","17161024500",2206
"2729","17163500400",1491
"2730","17163500500",2067
"2731","17163500900",2411
"2732","17163501100",775
"2733","17163501200",2273
"2734","17163501300",3936
"2735","17163501400",1879
"2736","17163501501",1507
"2737","17163501502",2665
"2738","17163501602",4240
"2739","17163501604",4242
"2740","17163501605",2933
"2741","17163501606",3860
"2742","17163501607",2929
"2743","17163501700",3465
"2744","17163501801",3310
"2745","17163501802",2126
"2746","17163501900",3286
"2747","17163502100",2125
"2748","17163502200",1529
"2749","17163502300",5158
"2750","17163502401",846
"2751","17163502404",3562
"2752","17163502500",675
"2753","17163502602",4974
"2754","17163502603",3345
"2755","17163502700",734
"2756","17163502800",2508
"2757","17163502900",1531
"2758","17163503101",2732
"2759","17163503102",4413
"2760","17163503202",5133
"2761","17163503203",6699
"2762","17163503211",4122
"2763","17163503301",3429
"2764","17163503304",6926
"2765","17163503322",6718
"2766","17163503323",7000
"2767","17163503324",6244
"2768","17163503332",5208
"2769","17163503334",5888
"2770","17163503404",8628
"2771","17163503411",3350
"2772","17163503412",5504
"2773","17163503413",5540
"2774","17163503414",5625
"2775","17163503415",2906
"2776","17163503416",3932
"2777","17163503800",1097
"2778","17163503903",3762
"2779","17163503905",2664
"2780","17163503906",5599
"2781","17163503907",4947
"2782","17163503908",6607
"2783","17163504001",5320
"2784","17163504002",5315
"2785","17163504351",3307
"2786","17163504352",4122
"2787","17163504353",4320
"2788","17163504354",6505
"2789","17163504355",5117
"2790","17163504356",4633
"2791","17163504357",4313
"2792","17163504358",3775
"2793","17163504359",4370
"2794","17163504501",2357
"2795","17163504502",1119
"2796","17163504600",1163
"2797","17165955100",2167
"2798","17165955500",2274
"2799","17165955600",2273
"2800","17165955700",2635
"2801","17165955800",3155
"2802","17165955900",2617
"2803","17165956000",2729
"2804","17165956100",2341
"2805","17165956200",3471
"2806","17167000100",3741
"2807","17167000201",2653
"2808","17167000202",3140
"2809","17167000300",2806
"2810","17167000400",2512
"2811","17167000501",2541
"2812","17167000503",3328
"2813","17167000504",2732
"2814","17167000600",4249
"2815","17167000700",1854
"2816","17167000800",1680
"2817","17167000900",2091
"2818","17167001001",1871
"2819","17167001003",1700
"2820","17167001004",4884
"2821","17167001100",2525
"2822","17167001200",3253
"2823","17167001300",1638
"2824","17167001400",940
"2825","17167001600",3070
"2826","17167001800",1958
"2827","17167001900",2828
"2828","17167002001",3623
"2829","17167002002",2613
"2830","17167002100",3008
"2831","17167002200",3452
"2832","17167002300",1941
"2833","17167002400",2984
"2834","17167002500",5700
"2835","17167002600",2873
"2836","17167002700",3153
"2837","17167002801",3193
"2838","17167002802",3873
"2839","17167002900",5317
"2840","17167003000",5942
"2841","17167003100",7533
"2842","17167003201",4529
"2843","17167003202",4623
"2844","17167003203",7197
"2845","17167003300",4789
"2846","17167003400",6049
"2847","17167003500",4694
"2848","17167003601",2669
"2849","17167003602",4845
"2850","17167003603",5486
"2851","17167003604",5391
"2852","17167003701",4277
"2853","17167003702",3938
"2854","17167003801",2481
"2855","17167003802",6485
"2856","17167003901",5247
"2857","17167003902",4070
"2858","17167004000",4323
"2859","17167004200",1830
"2860","17169970100",2323
"2861","17169970200",2746
"2862","17169970300",1810
"2863","17171970600",1721
"2864","17171970700",3178
"2865","17173959100",3483
"2866","17173959200",3033
"2867","17173959300",4679
"2868","17173959400",3265
"2869","17173959500",3564
"2870","17173959600",3018
"2871","17175951400",2999
"2872","17175951500",2396
"2873","17177000100",4528
"2874","17177000200",2938
"2875","17177000300",3814
"2876","17177000400",2830
"2877","17177000500",2993
"2878","17177000600",3045
"2879","17177000700",1602
"2880","17177000800",2727
"2881","17177000900",4483
"2882","17177001000",4412
"2883","17177001100",3323
"2884","17177001200",4111
"2885","17177001300",3676
"2886","17179020100",2607
"2887","17179020301",4318
"2888","17179020302",4551
"2889","17179020400",4750
"2890","17179020500",4435
"2891","17179020600",2028
"2892","17179020700",4603
"2893","17179020800",3051
"2894","17179020900",1660
"2895","17179021000",5279
"2896","17179021101",6266
"2897","17179021102",5404
"2898","17179021201",5203
"2899","17179021202",3178
"2900","17179021203",5242
"2901","17179021500",6473
"2902","17179021603",6149
"2903","17179021604",1915
"2904","17179021605",2805
"2905","17179021606",6112
"2906","17179021701",5894
"2907","17179021702",5396
"2908","17179021801",5298
"2909","17179021802",1747
"2910","17179021900",4696
"2911","17179022000",4067
"2912","17179022100",3829
"2913","17179022200",4054
"2914","17179022300",5875
"2915","17179022400",4391
"2916","17181950100",4305
"2917","17181950200",2175
"2918","17181950300",2081
"2919","17181950400",4910
"2920","17181950500",3651
"2921","17183000100",1493
"2922","17183000200",1413
"2923","17183000300",2101
"2924","17183000400",2916
"2925","17183000500",3603
"2926","17183000600",2468
"2927","17183000700",3878
"2928","17183000800",1966
"2929","17183000900",1848
"2930","17183001200",3050
"2931","17183001300",3584
"2932","17183010100",3184
"2933","17183010200",5221
"2934","17183010300",4172
"2935","17183010400",2425
"2936","17183010500",3099
"2937","17183010600",4099
"2938","17183010701",3106
"2939","17183010702",2824
"2940","17183010800",3159
"2941","17183010900",2672
"2942","17183011000",3787
"2943","17183011100",2360
"2944","17183011200",5685
"2945","17185957200",3807
"2946","17185957300",3296
"2947","17185957400",1899
"2948","17185957500",2319
"2949","17187870100",2426
"2950","17187870200",2555
"2951","17187870300",2350
"2952","17187870400",4681
"2953","17187870500",4748
"2954","17189950100",3057
"2955","17189950200",3722
"2956","17189950300",3051
"2957","17189950400",3951
"2958","17191954900",3305
"2959","17191955000",4495
"2960","17191955100",2670
"2961","17191955200",2965
"2962","17191955300",2692
"2963","17193958000",1933
"2964","17193958100",3459
"2965","17193958200",2906
"2966","17193958300",2613
"2967","17193958400",2923
"2968","17195000100",3628
"2969","17195000200",3207
"2970","17195000300",3166
"2971","17195000400",3011
"2972","17195000500",3519
"2973","17195000600",3804
"2974","17195000700",2590
"2975","17195000800",2103
"2976","17195000900",3305
"2977","17195001000",2646
"2978","17195001101",2923
"2979","17195001102",1866
"2980","17195001200",4193
"2981","17195001300",2520
"2982","17195001400",2455
"2983","17195001500",3185
"2984","17195001600",2349
"2985","17195001700",2978
"2986","17195001800",2121
"2987","17197880105",6286
"2988","17197880106",4692
"2989","17197880107",4432
"2990","17197880109",5612
"2991","17197880111",3942
"2992","17197880112",1827
"2993","17197880113",3850
"2994","17197880114",2766
"2995","17197880115",4352
"2996","17197880116",2901
"2997","17197880117",3499
"2998","17197880118",5056
"2999","17197880119",3928
"3000","17197880122",7275
"3001","17197880123",3443
"3002","17197880124",3424
"3003","17197880125",5007
"3004","17197880202",5005
"3005","17197880203",4178
"3006","17197880204",6038
"3007","17197880303",4568
"3008","17197880304",4897
"3009","17197880305",5826
"3010","17197880307",6612
"3011","17197880309",5038
"3012","17197880314",7103
"3013","17197880315",4069
"3014","17197880316",3597
"3015","17197880317",6221
"3016","17197880318",3315
"3017","17197880319",4250
"3018","17197880320",3494
"3019","17197880321",5041
"3020","17197880322",6454
"3021","17197880323",6569
"3022","17197880324",4954
"3023","17197880325",3448
"3024","17197880326",3335
"3025","17197880408",5356
"3026","17197880411",3639
"3027","17197880412",3911
"3028","17197880414",4483
"3029","17197880416",2760
"3030","17197880417",2334
"3031","17197880418",5414
"3032","17197880421",6568
"3033","17197880422",4428
"3034","17197880423",3379
"3035","17197880424",4723
"3036","17197880425",4390
"3037","17197880426",4423
"3038","17197880427",2548
"3039","17197880428",4408
"3040","17197880429",4674
"3041","17197880430",4205
"3042","17197880431",6460
"3043","17197880432",4312
"3044","17197880502",4923
"3045","17197880503",4106
"3046","17197880508",3568
"3047","17197880509",4815
"3048","17197880510",2653
"3049","17197880511",3699
"3050","17197880601",2893
"3051","17197880602",3498
"3052","17197880701",4391
"3053","17197880702",2789
"3054","17197880901",5911
"3055","17197880903",2997
"3056","17197880905",3257
"3057","17197881001",5095
"3058","17197881002",4972
"3059","17197881005",3267
"3060","17197881006",2521
"3061","17197881007",6031
"3062","17197881009",8040
"3063","17197881010",4201
"3064","17197881011",3796
"3065","17197881012",2772
"3066","17197881105",6786
"3067","17197881107",2539
"3068","17197881108",6684
"3069","17197881109",4391
"3070","17197881111",2626
"3071","17197881112",5026
"3072","17197881113",6179
"3073","17197881115",5291
"3074","17197881116",4160
"3075","17197881201",2974
"3076","17197881202",2240
"3077","17197881301",3389
"3078","17197881302",1003
"3079","17197881401",3450
"3080","17197881402",3529
"3081","17197881500",3463
"3082","17197881601",2250
"3083","17197881603",3438
"3084","17197881604",2539
"3085","17197881700",3093
"3086","17197881800",4246
"3087","17197881900",3597
"3088","17197882000",2198
"3089","17197882100",3404
"3090","17197882200",4365
"3091","17197882300",3494
"3092","17197882400",3876
"3093","17197882500",1585
"3094","17197882601",3459
"3095","17197882602",2583
"3096","17197882701",2841
"3097","17197882702",2746
"3098","17197882801",2621
"3099","17197882802",3110
"3100","17197882900",2748
"3101","17197883000",2956
"3102","17197883100",4243
"3103","17197883206",4476
"3104","17197883208",3141
"3105","17197883209",2838
"3106","17197883210",2552
"3107","17197883211",6152
"3108","17197883212",6702
"3109","17197883213",5428
"3110","17197883214",2575
"3111","17197883216",3255
"3112","17197883217",3981
"3113","17197883218",4764
"3114","17197883219",3510
"3115","17197883303",4004
"3116","17197883304",1783
"3117","17197883305",3314
"3118","17197883306",3296
"3119","17197883307",3894
"3120","17197883401",4111
"3121","17197883402",1846
"3122","17197883504",5913
"3123","17197883505",8586
"3124","17197883507",3881
"3125","17197883509",4806
"3126","17197883510",7035
"3127","17197883511",4642
"3128","17197883513",5743
"3129","17197883514",7424
"3130","17197883515",4670
"3131","17197883516",7305
"3132","17197883517",3356
"3133","17197883519",5752
"3134","17197883521",3404
"3135","17197883522",2933
"3136","17197883602",6630
"3137","17197883603",2202
"3138","17197883605",3211
"3139","17197883606",3471
"3140","17197883700",3464
"3141","17197883803",2483
"3142","17197883804",2448
"3143","17197883806",3878
"3144","17197883808",1318
"3145","17197883809",3414
"3146","17197883810",3491
"3147","17197883811",3190
"3148","17197883902",6471
"3149","17197883903",1770
"3150","17197883904",4383
"3151","17197884003",4094
"3152","17197884004",2794
"3153","17197884005",1585
"3154","17197884006",1867
"3155","17197884101",4196
"3156","17197884103",2609
"3157","17197980000",0
"3158","17197980100",2697
"3159","17199020100",3418
"3160","17199020201",6081
"3161","17199020202",2512
"3162","17199020300",5527
"3163","17199020400",3463
"3164","17199020500",3298
"3165","17199020600",3830
"3166","17199020700",4997
"3167","17199020801",2538
"3168","17199020802",3926
"3169","17199020900",4732
"3170","17199021001",2449
"3171","17199021002",1576
"3172","17199021003",977
"3173","17199021100",2840
"3174","17199021200",4168
"3175","17199021300",5608
"3176","17199021400",5180
"3177","17201000101",4650
"3178","17201000103",2487
"3179","17201000104",2702
"3180","17201000105",3930
"3181","17201000200",3679
"3182","17201000300",3717
"3183","17201000401",2290
"3184","17201000402",2840
"3185","17201000403",4243
"3186","17201000501",5096
"3187","17201000502",4100
"3188","17201000506",4849
"3189","17201000507",3430
"3190","17201000510",3456
"3191","17201000511",2399
"3192","17201000512",4154
"3193","17201000513",4073
"3194","17201000514",3637
"3195","17201000515",2811
"3196","17201000516",3762
"3197","17201000600",4205
"3198","17201000700",2919
"3199","17201000800",2719
"3200","17201001000",2720
"3201","17201001100",1152
"3202","17201001200",2744
"3203","17201001300",2183
"3204","17201001400",4152
"3205","17201001500",5280
"3206","17201001600",5068
"3207","17201001700",2956
"3208","17201001800",4734
"3209","17201001900",3060
"3210","17201002000",2042
"3211","17201002100",2145
"3212","17201002200",3384
"3213","17201002301",2213
"3214","17201002302",1296
"3215","17201002400",2553
"3216","17201002500",2749
"3217","17201002600",3379
"3218","17201002700",2761
"3219","17201002800",1155
"3220","17201002900",1171
"3221","17201003000",1715
"3222","17201003100",3500
"3223","17201003200",3082
"3224","17201003300",4050
"3225","17201003400",4635
"3226","17201003500",2449
"3227","17201003601",1968
"3228","17201003602",4037
"3229","17201003604",3101
"3230","17201003605",2138
"3231","17201003606",2701
"3232","17201003705",4837
"3233","17201003706",5540
"3234","17201003707",3525
"3235","17201003708",3476
"3236","17201003709",1819
"3237","17201003710",2630
"3238","17201003711",3728
"3239","17201003801",6381
"3240","17201003805",7367
"3241","17201003806",5299
"3242","17201003808",3852
"3243","17201003809",4378
"3244","17201003810",6139
"3245","17201003811",1499
"3246","17201003901",5316
"3247","17201003903",5670
"3248","17201003904",4997
"3249","17201004002",5897
"3250","17201004003",2192
"3251","17201004004",6030
"3252","17201004005",3403
"3253","17201004100",5139
"3254","17201004200",6148
"3255","17201004300",4904
"3256","17201980000",4
"3257","17203030100",2419
"3258","17203030200",2759
"3259","17203030300",2487
"3260","17203030400",5879
"3261","17203030501",7902
"3262","17203030502",2316
"3263","17203030601",6386
"3264","17203030602",3911
"3265","17203030700",4355
